id,nombre,costo
1,Netflix,4500
2,Amazon Prime Video,3700
3,Crunchyroll,4400
4,HBO+,3500
5,Funimation,3900
6,Disney+,6500
7,Star+,7100
8,Hulu,7000
9,Showtime,3200
10,Stan,7900
11,Peackok,4000
12,Viu,5000
13,Sony Liv,3100
14,Movistar+ Lite,7400
15,Discovery+,3700
16,Rakuten TV,6500
17,Sky,6400
18,ATRESplayer,2800
19,Mitele Plus,3700
20,DCCanal,4000
